{
  "robot_ip": "172.22.22.2",
  "camera_serial": "352122271533",
  "board_size": [
    9,
    6
  ],
  "square_size_m": 0.022,
  "num_samples": 15,
  "poses_file": "/home/jzilke/ws/share-rl-pe/robot_poses.json",
  "reference_pose": {
    "translation_m": [
      -0.19206042008588156,
      -0.1380657279390742,
      0.3624238700482778
    ],
    "rotation_matrix": [
      [
        -0.9774126370103454,
        0.032725199128185965,
        -0.20879080045467338
      ],
      [
        0.14717923594987298,
        0.8143889418335569,
        -0.5613456367733083
      ],
      [
        0.15166677130371795,
        -0.5793959895971321,
        -0.8008105129935956
      ]
    ],
    "rotation_vector_rad": [
      -0.1406914089465845,
      -2.809545283193496,
      0.8920988889931388
    ]
  },
  "camera_to_gripper": {
    "translation_m": [
      -0.008917250855035625,
      -0.0643511870119527,
      0.06427605528381725
    ],
    "rotation_matrix": [
      [
        0.9986326539593047,
        0.052100305147088265,
        0.004287266002490736
      ],
      [
        -0.050879925820830056,
        0.9498523769787754,
        0.30853151394344985
      ],
      [
        0.012002316220740739,
        -0.3083277803756104,
        0.9512044597529947
      ]
    ],
    "rotation_vector_rad": [
      -0.31369182671348905,
      -0.003923339112237424,
      -0.052368598585133055
    ]
  },
  "camera_matrix": [
    [
      389.8694763183594,
      0.0,
      316.3457946777344
    ],
    [
      0.0,
      388.9150390625,
      237.99928283691406
    ],
    [
      0.0,
      0.0,
      1.0
    ]
  ],
  "dist_coeffs": [
    -0.053538039326667786,
    0.061078671365976334,
    -0.0008459294913336635,
    7.598006777698174e-05,
    -0.02032781019806862
  ]
}
