{
  "robot_ip": "172.22.22.2",
  "camera_serial": null,
  "board_size": [
    9,
    6
  ],
  "square_size_m": 0.022,
  "num_samples": 18,
  "poses_file": "robot_poses.json",
  "reference_pose": {
    "translation_m": [
      -0.46316170124698725,
      0.006369468545897348,
      0.6730422820616395
    ],
    "rotation_matrix": [
      [
        -0.1480544308938182,
        0.98763461807578,
        -0.05155333811709861
      ],
      [
        0.9883294815966384,
        0.1496452427695174,
        0.02848046915646664
      ],
      [
        0.035843009076078194,
        -0.046735024283298676,
        -0.9982640513439376
      ]
    ],
    "rotation_vector_rad": [
      -2.0116315153260347,
      -2.337407338542072,
      0.01858406152089482
    ]
  },
  "camera_to_gripper": {
    "translation_m": [
      0.007539091894025893,
      0.058748284863679306,
      0.07318008595936462
    ],
    "rotation_matrix": [
      [
        -0.9915292484403662,
        -0.12801301238594062,
        -0.02196401937623496
      ],
      [
        0.12862168270355437,
        -0.944239052360816,
        -0.3030991170149696
      ],
      [
        0.01806134617875428,
        -0.30335668882789624,
        0.952705886996394
      ]
    ],
    "rotation_vector_rad": [
      -0.0029862498550063754,
      -0.4640482230064998,
      2.975385048126066
    ]
  },
  "camera_matrix": [
    [
      391.06341552734375,
      0.0,
      320.2177429199219
    ],
    [
      0.0,
      390.0852966308594,
      230.57566833496094
    ],
    [
      0.0,
      0.0,
      1.0
    ]
  ],
  "dist_coeffs": [
    -0.05286124348640442,
    0.059622976928949356,
    -0.0005136115360073745,
    0.00012454221723601222,
    -0.01920485496520996
  ]
}
