{
  "num_poses": 18,
  "poses": [
    {
      "translation_m": [
        -0.46316170124698725,
        0.006369468545897348,
        0.6730422820616395
      ],
      "rotation_matrix": [
        [
          -0.1480544308938182,
          0.98763461807578,
          -0.05155333811709829
        ],
        [
          0.9883294815966384,
          0.1496452427695174,
          0.028480469156467025
        ],
        [
          0.03584300907607852,
          -0.04673502428329829,
          -0.9982640513439376
        ]
      ],
      "rotation_vector_rad": [
        -2.0116315153260347,
        -2.337407338542072,
        0.01858406152089482
      ]
    },
    {
      "translation_m": [
        -0.5109254622050918,
        0.0983055431489782,
        0.5654368443387864
      ],
      "rotation_matrix": [
        [
          0.057789405387596915,
          0.9969659105049358,
          -0.052147463179070846
        ],
        [
          0.9554449392617477,
          -0.07037654755095613,
          -0.28665678012899615
        ],
        [
          -0.28945699622580146,
          -0.03325830491580373,
          -0.9566130526446228
        ]
      ],
      "rotation_vector_rad": [
        2.149464695152953,
        2.0129894731135463,
        -0.3522036260108004
      ]
    },
    {
      "translation_m": [
        -0.5189629979256977,
        0.0936517573033619,
        0.5665935300454975
      ],
      "rotation_matrix": [
        [
          0.5576492512487015,
          0.8232599467853355,
          -0.10616201109987294
        ],
        [
          0.7552541380137577,
          -0.5562814905088587,
          -0.34661519056489504
        ],
        [
          -0.34441036510949974,
          0.11311040330689813,
          -0.9319804381363871
        ]
      ],
      "rotation_vector_rad": [
        2.5329714375569297,
        1.312688011709072,
        -0.3746947603147891
      ]
    },
    {
      "translation_m": [
        -0.32678564838239116,
        0.004820321887532826,
        0.6847401916003317
      ],
      "rotation_matrix": [
        [
          0.15789050825595363,
          -0.9640954970079689,
          -0.21351922642149637
        ],
        [
          -0.9839122498338306,
          -0.1352974607270936,
          -0.11666739796417094
        ],
        [
          0.08358990387365203,
          0.22850485721261612,
          -0.9699475543557164
        ]
      ],
      "rotation_vector_rad": [
        2.2046514330333022,
        -1.8976672083247073,
        -0.12657168083578013
      ]
    },
    {
      "translation_m": [
        -0.32676110997147967,
        0.004847414721404852,
        0.6848175590416656
      ],
      "rotation_matrix": [
        [
          -0.6026152660448332,
          -0.7688445627919326,
          -0.21385247109864466
        ],
        [
          -0.7657162967532763,
          0.6325507234831957,
          -0.1164394053030721
        ],
        [
          0.22479633897411014,
          0.09358215901637836,
          -0.9699015339186088
        ]
      ],
      "rotation_vector_rad": [
        1.2505799140687803,
        -2.6119479348928683,
        0.01862735708347023
      ]
    },
    {
      "translation_m": [
        -0.31496983210846385,
        -0.26249335936865853,
        0.5901898085113173
      ],
      "rotation_matrix": [
        [
          0.21669139190745756,
          -0.9557767399536478,
          -0.19883577152209195
        ],
        [
          -0.9478592735176715,
          -0.25473543712621727,
          0.19150105659934866
        ],
        [
          -0.2336827727492132,
          0.14697169943799407,
          -0.9611408228165879
        ]
      ],
      "rotation_vector_rad": [
        -2.427904428870085,
        1.8999867504396617,
        0.4316894078592221
      ]
    },
    {
      "translation_m": [
        -0.4300553478817788,
        -0.25400413324266885,
        0.5960983185108231
      ],
      "rotation_matrix": [
        [
          -0.4824643433928354,
          -0.8659084259734686,
          -0.13202558533356393
        ],
        [
          -0.8565749549525874,
          0.4349213574364209,
          0.2777098474912865
        ],
        [
          -0.18305055012890029,
          0.2470749090332945,
          -0.9515495181143734
        ]
      ],
      "rotation_vector_rad": [
        -1.5822646356658592,
        2.635389571370079,
        0.48206465779596935
      ]
    },
    {
      "translation_m": [
        -0.4994282199911478,
        -0.32629263304405026,
        0.4777586740757878
      ],
      "rotation_matrix": [
        [
          0.6032473517373683,
          -0.7955696349075523,
          -0.056228005788178353
        ],
        [
          -0.5990999550135925,
          -0.4985525971367547,
          0.6265177984629873
        ],
        [
          -0.526471154503799,
          -0.34425900700092177,
          -0.7773762664078293
        ]
      ],
      "rotation_vector_rad": [
        -2.267852748258955,
        1.098545217770258,
        0.45897707999332565
      ]
    },
    {
      "translation_m": [
        -0.5417184111729555,
        -0.19005941913931773,
        0.5014190377302028
      ],
      "rotation_matrix": [
        [
          0.9326454563514833,
          0.09459123542224697,
          0.3481737367008431
        ],
        [
          -0.04579519960172858,
          -0.9261788915713709,
          0.37429328139984647
        ],
        [
          0.3578760294297075,
          -0.36502761400874845,
          -0.8594647104859555
        ]
      ],
      "rotation_vector_rad": [
        -2.7071934588045963,
        -0.03552717578267846,
        -0.514057212452736
      ]
    },
    {
      "translation_m": [
        -0.6122019835728495,
        0.08293831814402211,
        0.5157580799286843
      ],
      "rotation_matrix": [
        [
          0.888326646011035,
          0.4486207537305787,
          0.0980570716929328
        ],
        [
          0.45815538765100555,
          -0.8803189584227801,
          -0.12301289447772713
        ],
        [
          0.031135361779532397,
          0.15420100766090677,
          -0.9875488030893554
        ]
      ],
      "rotation_vector_rad": [
        2.913079249441036,
        0.7032412262944381,
        0.10019390806281252
      ]
    },
    {
      "translation_m": [
        -0.3084999336781061,
        0.2870024763136584,
        0.44332515296798
      ],
      "rotation_matrix": [
        [
          0.897165175043547,
          -0.38385927988155905,
          -0.21851018726341476
        ],
        [
          -0.44141668108502535,
          -0.7616325061100464,
          -0.4744125201724878
        ],
        [
          0.01568318682419663,
          0.5220804333484842,
          -0.8527520499920809
        ]
      ],
      "rotation_vector_rad": [
        2.530302767251682,
        -0.5946656626442668,
        -0.14615020711020113
      ]
    },
    {
      "translation_m": [
        -0.27929192215567905,
        0.2705393127746448,
        0.5330311635253466
      ],
      "rotation_matrix": [
        [
          0.7562629534356984,
          -0.03652012171244426,
          -0.653247752365688
        ],
        [
          -0.2812345565429004,
          -0.9196396610663886,
          -0.274171512013586
        ],
        [
          -0.5907397645891405,
          0.39106159937253626,
          -0.7057601264093636
        ]
      ],
      "rotation_vector_rad": [
        2.596960786787216,
        -0.2440209158837956,
        -0.955324953520869
      ]
    },
    {
      "translation_m": [
        -0.219799899614455,
        0.0655985852192898,
        0.617896876753489
      ],