{
  "num_poses": 15,
  "poses": [
    {
      "translation_m": [
        -0.19206042008588156,
        -0.1380657279390742,
        0.3624238700482778
      ],
      "rotation_matrix": [
        [
          -0.9774126370103454,
          0.032725199128185965,
          -0.20879080045467338
        ],
        [
          0.14717923594987298,
          0.8143889418335569,
          -0.5613456367733083
        ],
        [
          0.15166677130371795,
          -0.5793959895971321,
          -0.8008105129935956
        ]
      ],
      "rotation_vector_rad": [
        -0.1406914089465845,
        -2.809545283193496,
        0.8920988889931388
      ]
    },
    {
      "translation_m": [
        -0.1958607516347538,
        -0.13967962666286748,
        0.3654549387791979
      ],
      "rotation_matrix": [
        [
          -0.8465872164447175,
          0.48309932869487365,
          -0.2233945468603645
        ],
        [
          0.5156271254517926,
          0.6403347638335455,
          -0.5692978637976421
        ],
        [
          -0.1319801214225331,
          -0.5971485818795853,
          -0.7911983434692553
        ]
      ],
      "rotation_vector_rad": [
        -0.852815862303324,
        -2.799197917531305,
        0.9960325244922159
      ]
    },
    {
      "translation_m": [
        -0.19870489829464816,
        -0.13884502297390933,
        0.36468429228884425
      ],
      "rotation_matrix": [
        [
          -0.816135325418053,
          -0.5277159009346531,
          -0.23545500314390472
        ],
        [
          -0.32776728315224546,
          0.7583213532238948,
          -0.5634867641211075
        ],
        [
          0.4759114820003449,
          -0.38270700691966464,
          -0.7918608515104324
        ]
      ],
      "rotation_vector_rad": [
        0.6538472734708467,
        -2.5728822958414455,
        0.7231775315729233
      ]
    },
    {
      "translation_m": [
        -0.15990341701456437,
        -0.21823563515692718,
        0.37507386953334076
      ],
      "rotation_matrix": [
        [
          -0.42767559503096664,
          0.8799337619236071,
          -0.2069061624067241
        ],
        [
          0.8279821962937791,
          0.28950173507015875,
          -0.48024392553357476
        ],
        [
          -0.36268315102226434,
          -0.3767032253888156,
          -0.8523823155991826
        ]
      ],
      "rotation_vector_rad": [
        1.6237478234854446,
        2.4429286827302095,
        -0.8147157736055131
      ]
    },
    {
      "translation_m": [
        -0.19499060431051535,
        -0.22425777826989088,
        0.3428961757803607
      ],
      "rotation_matrix": [
        [
          -0.7030581311383682,
          0.6735037424720132,
          -0.22825856635933162
        ],
        [
          0.6969556201326763,
          0.5888106259112208,
          -0.40933471680217137
        ],
        [
          -0.1412873943623481,
          -0.44687219167255143,
          -0.8833703167438154
        ]
      ],
      "rotation_vector_rad": [
        -1.1896696262596769,
        -2.756364460910007,
        0.7432568820356261
      ]
    },
    {
      "translation_m": [
        -0.17277277574284433,
        -0.32885864859191133,
        0.3298323760954096
      ],
      "rotation_matrix": [
        [
          0.07452985783496036,
          0.9584094068402403,
          -0.2754935737385527
        ],
        [
          0.9624929183034746,
          -0.14140419755419598,
          -0.23154316040366021
        ],
        [
          -0.2608690907462244,
          -0.24790373493393084,
          -0.9330011016601457
        ]
      ],
      "rotation_vector_rad": [
        -2.2945244930465485,
        -2.0510425451107284,
        0.5727009801942691
      ]
    },
    {
      "translation_m": [
        -0.26703500901052907,
        -0.24760586076860058,
        0.3857621248023587
      ],
      "rotation_matrix": [
        [
          -0.27931679377286656,
          -0.943100503382632,
          -0.18039836261970985
        ],
        [
          -0.8536293259327873,
          0.3299194757032198,
          -0.4030758160188329
        ],
        [
          0.4396579382019403,
          0.0414074881046792,
          -0.8972102971460368
        ]
      ],
      "rotation_vector_rad": [
        1.5897733596593229,
        -2.2177413175934473,
        0.32000953252361
      ]
    },
    {
      "translation_m": [
        -0.20478760400505208,
        -0.14564939323708043,
        0.3955164379916173
      ],
      "rotation_matrix": [
        [
          -0.9674367586027878,
          0.11956057336384805,
          -0.22309501877235918
        ],
        [
          0.22906517721877823,
          0.7885371014730344,
          -0.570734950906491
        ],
        [
          0.10768130148666064,
          -0.6032532709380138,
          -0.7902469414130788
        ]
      ],
      "rotation_vector_rad": [
        -0.2755861418086711,
        -2.8032619708977924,
        0.9280292234473599
      ]
    },
    {
      "translation_m": [
        -0.0929644676739608,
        -0.21829246143173547,
        0.3579506513748952
      ],
      "rotation_matrix": [
        [
          -0.4256348405879873,
          0.6874672656276355,
          -0.5884078017566566
        ],
        [
          0.8985639055165575,
          0.24431633803882935,
          -0.3645441463939968
        ],
        [
          -0.10685452812337762,
          -0.6838847020205664,
          -0.7217228167113545
        ]
      ],
      "rotation_vector_rad": [
        -1.4685296422597351,
        -2.214486209777377,
        0.9707557264377692
      ]
    },
    {
      "translation_m": [
        -0.09293871110896199,
        -0.2182975816941071,
        0.3579714939592979
      ],
      "rotation_matrix": [
        [
          -0.4257170000207977,
          0.687337537195014,
          -0.5884999115173972
        ],
        [
          0.8985330567153266,
          0.24436435176162197,
          -0.36458799977225453
        ],
        [
          -0.10678661846459697,
          -0.6839979338790538,
          -0.7216255570350055
        ]
      ],
      "rotation_vector_rad": [
        -1.4683294852732351,
        -2.2144390518580197,
        0.9708671376688811
      ]
    },
    {
      "translation_m": [
        -0.08010565292300366,
        -0.21328188389787667,
        0.35432672031502493
      ],
      "rotation_matrix": [
        [
          0.0835298403938971,
          0.8189736422029931,
          -0.5677190670926369
        ],
        [
          0.8773169338633854,
          -0.33061917612238123,
          -0.3478591064449891
        ],
        [
          -0.4725862496098658,
          -0.4690129355965801,
          -0.7461160117051233
        ]
      ],
      "rotation_vector_rad": [
        -2.250049092217405,
        -1.7667911209753333,
        1.083542066781776
      ]
    },
    {
      "translation_m": [
        -0.09252223738021216,
        -0.22334110107869853,
        0.363091502722423
      ],
      "rotation_matrix": [
        [
          -0.771251600032366,
          0.1921484814234104,
          -0.6068359997018904
        ],
        [
          0.49793502558797503,
          0.7760100276532687,
          -0.3871293676205361
        ],
        [
          0.39652450080697155,
          -0.6007390432361217,
          -0.6941764344830003
        ]
      ],
      "rotation_vector_rad": [
        -0.5142064569837836,
        -2.415314037425063,
        0.7360968786411268
      ]
    },
    {
      "translation_m": [
        0.03766550840612573,
        -0.191313838637245,
        0.34139782117300593
      ],